docx_id,docx_name,status,reason,suggested_action
25,pair 对组,needs_manual_review,无法自动分类，需要人工审核,人工判断归属章节、是否应纳入主图谱、以及是否只是已有节点别名
26,tuple 元组,needs_manual_review,无法自动分类，需要人工审核,人工判断归属章节、是否应纳入主图谱、以及是否只是已有节点别名
30,随机数生成,needs_manual_review,无法自动分类，需要人工审核,人工判断归属章节、是否应纳入主图谱、以及是否只是已有节点别名
32,时间复杂度估算,needs_manual_review,无法自动分类，需要人工审核,人工判断归属章节、是否应纳入主图谱、以及是否只是已有节点别名
33,空间复杂度估算,needs_manual_review,无法自动分类，需要人工审核,人工判断归属章节、是否应纳入主图谱、以及是否只是已有节点别名
37,动态内存分配 (new/delete),needs_manual_review,无法自动分类，需要人工审核,人工判断归属章节、是否应纳入主图谱、以及是否只是已有节点别名
38,深拷贝与浅拷贝,needs_manual_review,无法自动分类，需要人工审核,人工判断归属章节、是否应纳入主图谱、以及是否只是已有节点别名
44,命令行参数解析,needs_manual_review,无法自动分类，需要人工审核,人工判断归属章节、是否应纳入主图谱、以及是否只是已有节点别名
47,日期与时间计算,needs_manual_review,无法自动分类，需要人工审核,人工判断归属章节、是否应纳入主图谱、以及是否只是已有节点别名
65,三分查找,needs_manual_review,无法自动分类，需要人工审核,人工判断归属章节、是否应纳入主图谱、以及是否只是已有节点别名
103,复杂度分析中的主定理,needs_manual_review,无法自动分类，需要人工审核,人工判断归属章节、是否应纳入主图谱、以及是否只是已有节点别名
104,均摊复杂度分析,needs_manual_review,无法自动分类，需要人工审核,人工判断归属章节、是否应纳入主图谱、以及是否只是已有节点别名
109,Meet-in-the-Middle,needs_manual_review,无法自动分类，需要人工审核,人工判断归属章节、是否应纳入主图谱、以及是否只是已有节点别名
114,悬线法,needs_manual_review,无法自动分类，需要人工审核,人工判断归属章节、是否应纳入主图谱、以及是否只是已有节点别名
116,表达式求值,needs_manual_review,无法自动分类，需要人工审核,人工判断归属章节、是否应纳入主图谱、以及是否只是已有节点别名
117,后缀表达式计算,needs_manual_review,无法自动分类，需要人工审核,人工判断归属章节、是否应纳入主图谱、以及是否只是已有节点别名
122,找规律与数学归纳,needs_manual_review,无法自动分类，需要人工审核,人工判断归属章节、是否应纳入主图谱、以及是否只是已有节点别名
124,鸽巢原理应用,needs_manual_review,无法自动分类，需要人工审核,人工判断归属章节、是否应纳入主图谱、以及是否只是已有节点别名
135,二进制分组,needs_manual_review,无法自动分类，需要人工审核,人工判断归属章节、是否应纳入主图谱、以及是否只是已有节点别名
141,子集卷积初步,needs_manual_review,无法自动分类，需要人工审核,人工判断归属章节、是否应纳入主图谱、以及是否只是已有节点别名
142,Gray 码生成,needs_manual_review,无法自动分类，需要人工审核,人工判断归属章节、是否应纳入主图谱、以及是否只是已有节点别名
143,大数判等与比较,needs_manual_review,无法自动分类，需要人工审核,人工判断归属章节、是否应纳入主图谱、以及是否只是已有节点别名
147,内存池技术,needs_manual_review,无法自动分类，需要人工审核,人工判断归属章节、是否应纳入主图谱、以及是否只是已有节点别名
148,对象池复用,needs_manual_review,无法自动分类，需要人工审核,人工判断归属章节、是否应纳入主图谱、以及是否只是已有节点别名
150,移动语义与完美转发,needs_manual_review,无法自动分类，需要人工审核,人工判断归属章节、是否应纳入主图谱、以及是否只是已有节点别名
151,图的基本概念,needs_manual_review,无法自动分类，需要人工审核,人工判断归属章节、是否应纳入主图谱、以及是否只是已有节点别名
178,次短路,needs_manual_review,无法自动分类，需要人工审核,人工判断归属章节、是否应纳入主图谱、以及是否只是已有节点别名
179,第 k 短路,needs_manual_review,无法自动分类，需要人工审核,人工判断归属章节、是否应纳入主图谱、以及是否只是已有节点别名
188,2-SAT 问题,needs_manual_review,无法自动分类，需要人工审核,人工判断归属章节、是否应纳入主图谱、以及是否只是已有节点别名
189,2-SAT 输出方案,needs_manual_review,无法自动分类，需要人工审核,人工判断归属章节、是否应纳入主图谱、以及是否只是已有节点别名
198,欧拉回路：Hierholzer 算法,needs_manual_review,无法自动分类，需要人工审核,人工判断归属章节、是否应纳入主图谱、以及是否只是已有节点别名
199,欧拉回路：Fleury 算法,needs_manual_review,无法自动分类，需要人工审核,人工判断归属章节、是否应纳入主图谱、以及是否只是已有节点别名
201,树的基本性质,needs_manual_review,无法自动分类，需要人工审核,人工判断归属章节、是否应纳入主图谱、以及是否只是已有节点别名
206,树的中心,needs_manual_review,无法自动分类，需要人工审核,人工判断归属章节、是否应纳入主图谱、以及是否只是已有节点别名
207,树的同构,needs_manual_review,无法自动分类，需要人工审核,人工判断归属章节、是否应纳入主图谱、以及是否只是已有节点别名
208,有根树和无根树转换,needs_manual_review,无法自动分类，需要人工审核,人工判断归属章节、是否应纳入主图谱、以及是否只是已有节点别名
216,树的链上求和,needs_manual_review,无法自动分类，需要人工审核,人工判断归属章节、是否应纳入主图谱、以及是否只是已有节点别名
220,树形背包,needs_manual_review,无法自动分类，需要人工审核,人工判断归属章节、是否应纳入主图谱、以及是否只是已有节点别名
225,竞赛图性质,needs_manual_review,无法自动分类，需要人工审核,人工判断归属章节、是否应纳入主图谱、以及是否只是已有节点别名
243,最大权闭合子图,needs_manual_review,无法自动分类，需要人工审核,人工判断归属章节、是否应纳入主图谱、以及是否只是已有节点别名
246,最大密度子图,needs_manual_review,无法自动分类，需要人工审核,人工判断归属章节、是否应纳入主图谱、以及是否只是已有节点别名
248,最小树形图：朱刘算法,needs_manual_review,无法自动分类，需要人工审核,人工判断归属章节、是否应纳入主图谱、以及是否只是已有节点别名
253,K 短路 (Yen 算法),needs_manual_review,无法自动分类，需要人工审核,人工判断归属章节、是否应纳入主图谱、以及是否只是已有节点别名
254,最小斯坦纳树,needs_manual_review,无法自动分类，需要人工审核,人工判断归属章节、是否应纳入主图谱、以及是否只是已有节点别名
255,弦图判定,needs_manual_review,无法自动分类，需要人工审核,人工判断归属章节、是否应纳入主图谱、以及是否只是已有节点别名
256,区间图与完美消除序列,needs_manual_review,无法自动分类，需要人工审核,人工判断归属章节、是否应纳入主图谱、以及是否只是已有节点别名
257,稳定婚姻问题,needs_manual_review,无法自动分类，需要人工审核,人工判断归属章节、是否应纳入主图谱、以及是否只是已有节点别名
258,最小瓶颈路,needs_manual_review,无法自动分类，需要人工审核,人工判断归属章节、是否应纳入主图谱、以及是否只是已有节点别名
262,消圈算法,needs_manual_review,无法自动分类，需要人工审核,人工判断归属章节、是否应纳入主图谱、以及是否只是已有节点别名
274,反向图建图,needs_manual_review,无法自动分类，需要人工审核,人工判断归属章节、是否应纳入主图谱、以及是否只是已有节点别名
275,超级源点和超级汇点,needs_manual_review,无法自动分类，需要人工审核,人工判断归属章节、是否应纳入主图谱、以及是否只是已有节点别名
280,奇偶性建图,needs_manual_review,无法自动分类，需要人工审核,人工判断归属章节、是否应纳入主图谱、以及是否只是已有节点别名
281,可达性统计,needs_manual_review,无法自动分类，需要人工审核,人工判断归属章节、是否应纳入主图谱、以及是否只是已有节点别名
286,边双缩点成树,needs_manual_review,无法自动分类，需要人工审核,人工判断归属章节、是否应纳入主图谱、以及是否只是已有节点别名
287,点双缩点成方点,needs_manual_review,无法自动分类，需要人工审核,人工判断归属章节、是否应纳入主图谱、以及是否只是已有节点别名
289,树的 Prufer 序列,needs_manual_review,无法自动分类，需要人工审核,人工判断归属章节、是否应纳入主图谱、以及是否只是已有节点别名
291,笛卡尔树构建,needs_manual_review,无法自动分类，需要人工审核,人工判断归属章节、是否应纳入主图谱、以及是否只是已有节点别名
309,扫描线：求周长并,needs_manual_review,无法自动分类，需要人工审核,人工判断归属章节、是否应纳入主图谱、以及是否只是已有节点别名
310,扫描线：求覆盖次数,needs_manual_review,无法自动分类，需要人工审核,人工判断归属章节、是否应纳入主图谱、以及是否只是已有节点别名
328,ST 表静态 RMQ,needs_manual_review,无法自动分类，需要人工审核,人工判断归属章节、是否应纳入主图谱、以及是否只是已有节点别名
329,ST 表：可重复贡献问题,needs_manual_review,无法自动分类，需要人工审核,人工判断归属章节、是否应纳入主图谱、以及是否只是已有节点别名
330,ST 表：二维 ST 表,needs_manual_review,无法自动分类，需要人工审核,人工判断归属章节、是否应纳入主图谱、以及是否只是已有节点别名
344,Link-Cut Tree 基础,needs_manual_review,无法自动分类，需要人工审核,人工判断归属章节、是否应纳入主图谱、以及是否只是已有节点别名
353,KD-Tree,needs_manual_review,无法自动分类，需要人工审核,人工判断归属章节、是否应纳入主图谱、以及是否只是已有节点别名
357,笛卡尔树与 RMQ,needs_manual_review,无法自动分类，需要人工审核,人工判断归属章节、是否应纳入主图谱、以及是否只是已有节点别名
371,回文自动机 (PAM),needs_manual_review,无法自动分类，需要人工审核,人工判断归属章节、是否应纳入主图谱、以及是否只是已有节点别名
372,回文自动机：本质不同回文串,needs_manual_review,无法自动分类，需要人工审核,人工判断归属章节、是否应纳入主图谱、以及是否只是已有节点别名
373,序列自动机,needs_manual_review,无法自动分类，需要人工审核,人工判断归属章节、是否应纳入主图谱、以及是否只是已有节点别名
378,AC 自动机：fail 树,needs_manual_review,无法自动分类，需要人工审核,人工判断归属章节、是否应纳入主图谱、以及是否只是已有节点别名
387,布隆过滤器,needs_manual_review,无法自动分类，需要人工审核,人工判断归属章节、是否应纳入主图谱、以及是否只是已有节点别名
388,跳表,needs_manual_review,无法自动分类，需要人工审核,人工判断归属章节、是否应纳入主图谱、以及是否只是已有节点别名
389,稀疏表,needs_manual_review,无法自动分类，需要人工审核,人工判断归属章节、是否应纳入主图谱、以及是否只是已有节点别名
394,轻重链剖分,needs_manual_review,无法自动分类，需要人工审核,人工判断归属章节、是否应纳入主图谱、以及是否只是已有节点别名
396,树剖：子树修改查询,needs_manual_review,无法自动分类，需要人工审核,人工判断归属章节、是否应纳入主图谱、以及是否只是已有节点别名
398,长链剖分,needs_manual_review,无法自动分类，需要人工审核,人工判断归属章节、是否应纳入主图谱、以及是否只是已有节点别名
399,DSU on Tree,needs_manual_review,无法自动分类，需要人工审核,人工判断归属章节、是否应纳入主图谱、以及是否只是已有节点别名
400,珂朵莉树,needs_manual_review,无法自动分类，需要人工审核,人工判断归属章节、是否应纳入主图谱、以及是否只是已有节点别名
401,舞蹈链 (DLX),needs_manual_review,无法自动分类，需要人工审核,人工判断归属章节、是否应纳入主图谱、以及是否只是已有节点别名
402,DLX 解数独,needs_manual_review,无法自动分类，需要人工审核,人工判断归属章节、是否应纳入主图谱、以及是否只是已有节点别名
404,四叉树,needs_manual_review,无法自动分类，需要人工审核,人工判断归属章节、是否应纳入主图谱、以及是否只是已有节点别名
405,区间最值操作与历史最值,needs_manual_review,无法自动分类，需要人工审核,人工判断归属章节、是否应纳入主图谱、以及是否只是已有节点别名
407,括号表示法,needs_manual_review,无法自动分类，需要人工审核,人工判断归属章节、是否应纳入主图谱、以及是否只是已有节点别名
418,点分树,needs_manual_review,无法自动分类，需要人工审核,人工判断归属章节、是否应纳入主图谱、以及是否只是已有节点别名
423,三维偏序,needs_manual_review,无法自动分类，需要人工审核,人工判断归属章节、是否应纳入主图谱、以及是否只是已有节点别名
424,四维偏序,needs_manual_review,无法自动分类，需要人工审核,人工判断归属章节、是否应纳入主图谱、以及是否只是已有节点别名
437,树的离线查询,needs_manual_review,无法自动分类，需要人工审核,人工判断归属章节、是否应纳入主图谱、以及是否只是已有节点别名
442,哈夫曼编码,needs_manual_review,无法自动分类，需要人工审核,人工判断归属章节、是否应纳入主图谱、以及是否只是已有节点别名
443,败者树,needs_manual_review,无法自动分类，需要人工审核,人工判断归属章节、是否应纳入主图谱、以及是否只是已有节点别名
445,布隆过滤器工程应用,needs_manual_review,无法自动分类，需要人工审核,人工判断归属章节、是否应纳入主图谱、以及是否只是已有节点别名
447,区间异或最大值,needs_manual_review,无法自动分类，需要人工审核,人工判断归属章节、是否应纳入主图谱、以及是否只是已有节点别名
476,离散对数：BSGS,needs_manual_review,无法自动分类，需要人工审核,人工判断归属章节、是否应纳入主图谱、以及是否只是已有节点别名
478,原根,needs_manual_review,无法自动分类，需要人工审核,人工判断归属章节、是否应纳入主图谱、以及是否只是已有节点别名
479,阶,needs_manual_review,无法自动分类，需要人工审核,人工判断归属章节、是否应纳入主图谱、以及是否只是已有节点别名
480,N 次剩余,needs_manual_review,无法自动分类，需要人工审核,人工判断归属章节、是否应纳入主图谱、以及是否只是已有节点别名
481,威尔逊定理,needs_manual_review,无法自动分类，需要人工审核,人工判断归属章节、是否应纳入主图谱、以及是否只是已有节点别名
482,卢卡斯定理,needs_manual_review,无法自动分类，需要人工审核,人工判断归属章节、是否应纳入主图谱、以及是否只是已有节点别名
490,贝尔数,needs_manual_review,无法自动分类，需要人工审核,人工判断归属章节、是否应纳入主图谱、以及是否只是已有节点别名
491,伯努利数,needs_manual_review,无法自动分类，需要人工审核,人工判断归属章节、是否应纳入主图谱、以及是否只是已有节点别名
492,错排公式,needs_manual_review,无法自动分类，需要人工审核,人工判断归属章节、是否应纳入主图谱、以及是否只是已有节点别名
496,狄利克雷卷积,needs_manual_review,无法自动分类，需要人工审核,人工判断归属章节、是否应纳入主图谱、以及是否只是已有节点别名
497,杜教筛,needs_manual_review,无法自动分类，需要人工审核,人工判断归属章节、是否应纳入主图谱、以及是否只是已有节点别名
500,完全数,needs_manual_review,无法自动分类，需要人工审核,人工判断归属章节、是否应纳入主图谱、以及是否只是已有节点别名
501,斐波那契数列,needs_manual_review,无法自动分类，需要人工审核,人工判断归属章节、是否应纳入主图谱、以及是否只是已有节点别名
504,佩尔方程,needs_manual_review,无法自动分类，需要人工审核,人工判断归属章节、是否应纳入主图谱、以及是否只是已有节点别名
505,勾股数,needs_manual_review,无法自动分类，需要人工审核,人工判断归属章节、是否应纳入主图谱、以及是否只是已有节点别名
518,BM 算法,needs_manual_review,无法自动分类，需要人工审核,人工判断归属章节、是否应纳入主图谱、以及是否只是已有节点别名
519,快速傅里叶变换 (FFT),needs_manual_review,无法自动分类，需要人工审核,人工判断归属章节、是否应纳入主图谱、以及是否只是已有节点别名
521,快速数论变换 (NTT),needs_manual_review,无法自动分类，需要人工审核,人工判断归属章节、是否应纳入主图谱、以及是否只是已有节点别名
522,任意模数 NTT,needs_manual_review,无法自动分类，需要人工审核,人工判断归属章节、是否应纳入主图谱、以及是否只是已有节点别名
523,快速沃尔什变换 (FWT),needs_manual_review,无法自动分类，需要人工审核,人工判断归属章节、是否应纳入主图谱、以及是否只是已有节点别名
537,牛顿迭代法,needs_manual_review,无法自动分类，需要人工审核,人工判断归属章节、是否应纳入主图谱、以及是否只是已有节点别名
542,自适应辛普森积分,needs_manual_review,无法自动分类，需要人工审核,人工判断归属章节、是否应纳入主图谱、以及是否只是已有节点别名
551,最近点对,needs_manual_review,无法自动分类，需要人工审核,人工判断归属章节、是否应纳入主图谱、以及是否只是已有节点别名
552,最远点对,needs_manual_review,无法自动分类，需要人工审核,人工判断归属章节、是否应纳入主图谱、以及是否只是已有节点别名
562,最小球覆盖,needs_manual_review,无法自动分类，需要人工审核,人工判断归属章节、是否应纳入主图谱、以及是否只是已有节点别名
565,三维距离计算,needs_manual_review,无法自动分类，需要人工审核,人工判断归属章节、是否应纳入主图谱、以及是否只是已有节点别名
566,Pick 定理,needs_manual_review,无法自动分类，需要人工审核,人工判断归属章节、是否应纳入主图谱、以及是否只是已有节点别名
567,Delaunay 三角剖分,needs_manual_review,无法自动分类，需要人工审核,人工判断归属章节、是否应纳入主图谱、以及是否只是已有节点别名
568,Voronoi 图,needs_manual_review,无法自动分类，需要人工审核,人工判断归属章节、是否应纳入主图谱、以及是否只是已有节点别名
572,判断线段相交,needs_manual_review,无法自动分类，需要人工审核,人工判断归属章节、是否应纳入主图谱、以及是否只是已有节点别名
573,求两线段交点,needs_manual_review,无法自动分类，需要人工审核,人工判断归属章节、是否应纳入主图谱、以及是否只是已有节点别名
574,点到直线距离,needs_manual_review,无法自动分类，需要人工审核,人工判断归属章节、是否应纳入主图谱、以及是否只是已有节点别名
575,点到线段距离,needs_manual_review,无法自动分类，需要人工审核,人工判断归属章节、是否应纳入主图谱、以及是否只是已有节点别名
576,点在直线上的投影,needs_manual_review,无法自动分类，需要人工审核,人工判断归属章节、是否应纳入主图谱、以及是否只是已有节点别名
577,直线与直线夹角,needs_manual_review,无法自动分类，需要人工审核,人工判断归属章节、是否应纳入主图谱、以及是否只是已有节点别名
581,曼哈顿距离转切比雪夫距离,needs_manual_review,无法自动分类，需要人工审核,人工判断归属章节、是否应纳入主图谱、以及是否只是已有节点别名
583,切比雪夫距离,needs_manual_review,无法自动分类，需要人工审核,人工判断归属章节、是否应纳入主图谱、以及是否只是已有节点别名
584,线性规划,needs_manual_review,无法自动分类，需要人工审核,人工判断归属章节、是否应纳入主图谱、以及是否只是已有节点别名
586,博弈论：Nim 游戏,needs_manual_review,无法自动分类，需要人工审核,人工判断归属章节、是否应纳入主图谱、以及是否只是已有节点别名
587,Nim 游戏变种,needs_manual_review,无法自动分类，需要人工审核,人工判断归属章节、是否应纳入主图谱、以及是否只是已有节点别名
589,SG 定理,needs_manual_review,无法自动分类，需要人工审核,人工判断归属章节、是否应纳入主图谱、以及是否只是已有节点别名
590,反 Nim,needs_manual_review,无法自动分类，需要人工审核,人工判断归属章节、是否应纳入主图谱、以及是否只是已有节点别名
591,巴什博奕,needs_manual_review,无法自动分类，需要人工审核,人工判断归属章节、是否应纳入主图谱、以及是否只是已有节点别名
592,威佐夫博弈,needs_manual_review,无法自动分类，需要人工审核,人工判断归属章节、是否应纳入主图谱、以及是否只是已有节点别名
593,Fibonacci 博弈,needs_manual_review,无法自动分类，需要人工审核,人工判断归属章节、是否应纳入主图谱、以及是否只是已有节点别名
594,树上删边游戏,needs_manual_review,无法自动分类，需要人工审核,人工判断归属章节、是否应纳入主图谱、以及是否只是已有节点别名
595,有向图游戏,needs_manual_review,无法自动分类，需要人工审核,人工判断归属章节、是否应纳入主图谱、以及是否只是已有节点别名
596,不平等博弈,needs_manual_review,无法自动分类，需要人工审核,人工判断归属章节、是否应纳入主图谱、以及是否只是已有节点别名
601,随机游走问题,needs_manual_review,无法自动分类，需要人工审核,人工判断归属章节、是否应纳入主图谱、以及是否只是已有节点别名
607,丢番图方程,needs_manual_review,无法自动分类，需要人工审核,人工判断归属章节、是否应纳入主图谱、以及是否只是已有节点别名
608,连分数,needs_manual_review,无法自动分类，需要人工审核,人工判断归属章节、是否应纳入主图谱、以及是否只是已有节点别名
609,Stern-Brocot 树,needs_manual_review,无法自动分类，需要人工审核,人工判断归属章节、是否应纳入主图谱、以及是否只是已有节点别名
610,Farey 序列,needs_manual_review,无法自动分类，需要人工审核,人工判断归属章节、是否应纳入主图谱、以及是否只是已有节点别名
611,模意义下的二次剩余,needs_manual_review,无法自动分类，需要人工审核,人工判断归属章节、是否应纳入主图谱、以及是否只是已有节点别名
612,高次剩余,needs_manual_review,无法自动分类，需要人工审核,人工判断归属章节、是否应纳入主图谱、以及是否只是已有节点别名
624,杨表与钩子公式,needs_manual_review,无法自动分类，需要人工审核,人工判断归属章节、是否应纳入主图谱、以及是否只是已有节点别名
625,五边形数定理,needs_manual_review,无法自动分类，需要人工审核,人工判断归属章节、是否应纳入主图谱、以及是否只是已有节点别名
626,费马大定理,needs_manual_review,无法自动分类，需要人工审核,人工判断归属章节、是否应纳入主图谱、以及是否只是已有节点别名
627,哥德巴赫猜想,needs_manual_review,无法自动分类，需要人工审核,人工判断归属章节、是否应纳入主图谱、以及是否只是已有节点别名
628,亲和数,needs_manual_review,无法自动分类，需要人工审核,人工判断归属章节、是否应纳入主图谱、以及是否只是已有节点别名
629,过剩数与亏数,needs_manual_review,无法自动分类，需要人工审核,人工判断归属章节、是否应纳入主图谱、以及是否只是已有节点别名
631,平衡三进制,needs_manual_review,无法自动分类，需要人工审核,人工判断归属章节、是否应纳入主图谱、以及是否只是已有节点别名
632,格雷码生成,needs_manual_review,无法自动分类，需要人工审核,人工判断归属章节、是否应纳入主图谱、以及是否只是已有节点别名
633,大数开根,needs_manual_review,无法自动分类，需要人工审核,人工判断归属章节、是否应纳入主图谱、以及是否只是已有节点别名
634,模指数塔,needs_manual_review,无法自动分类，需要人工审核,人工判断归属章节、是否应纳入主图谱、以及是否只是已有节点别名
636,柯西不等式,needs_manual_review,无法自动分类，需要人工审核,人工判断归属章节、是否应纳入主图谱、以及是否只是已有节点别名
637,切比雪夫不等式,needs_manual_review,无法自动分类，需要人工审核,人工判断归属章节、是否应纳入主图谱、以及是否只是已有节点别名
638,抽屉原理高级应用,needs_manual_review,无法自动分类，需要人工审核,人工判断归属章节、是否应纳入主图谱、以及是否只是已有节点别名
642,Alpha-Beta 剪枝,needs_manual_review,无法自动分类，需要人工审核,人工判断归属章节、是否应纳入主图谱、以及是否只是已有节点别名
645,线性回归,needs_manual_review,无法自动分类，需要人工审核,人工判断归属章节、是否应纳入主图谱、以及是否只是已有节点别名
648,对偶线性规划,needs_manual_review,无法自动分类，需要人工审核,人工判断归属章节、是否应纳入主图谱、以及是否只是已有节点别名
655,最长上升子序列 O(n log n),needs_manual_review,无法自动分类，需要人工审核,人工判断归属章节、是否应纳入主图谱、以及是否只是已有节点别名
656,最长公共子序列 O(n^2),needs_manual_review,无法自动分类，需要人工审核,人工判断归属章节、是否应纳入主图谱、以及是否只是已有节点别名
657,最长公共子序列 O(n log n),needs_manual_review,无法自动分类，需要人工审核,人工判断归属章节、是否应纳入主图谱、以及是否只是已有节点别名
658,最长公共子串,needs_manual_review,无法自动分类，需要人工审核,人工判断归属章节、是否应纳入主图谱、以及是否只是已有节点别名
659,最短编辑距离,needs_manual_review,无法自动分类，需要人工审核,人工判断归属章节、是否应纳入主图谱、以及是否只是已有节点别名
660,最大子段和,needs_manual_review,无法自动分类，需要人工审核,人工判断归属章节、是否应纳入主图谱、以及是否只是已有节点别名
662,最大子长方体和,needs_manual_review,无法自动分类，需要人工审核,人工判断归属章节、是否应纳入主图谱、以及是否只是已有节点别名
733,双调欧几里得旅行商问题,needs_manual_review,无法自动分类，需要人工审核,人工判断归属章节、是否应纳入主图谱、以及是否只是已有节点别名
751,最大 k 乘积问题,needs_manual_review,无法自动分类，需要人工审核,人工判断归属章节、是否应纳入主图谱、以及是否只是已有节点别名
752,最优三角剖分,needs_manual_review,无法自动分类，需要人工审核,人工判断归属章节、是否应纳入主图谱、以及是否只是已有节点别名
756,数字三角形,needs_manual_review,无法自动分类，需要人工审核,人工判断归属章节、是否应纳入主图谱、以及是否只是已有节点别名
762,树上依赖背包,needs_manual_review,无法自动分类，需要人工审核,人工判断归属章节、是否应纳入主图谱、以及是否只是已有节点别名
763,树上直径合并,needs_manual_review,无法自动分类，需要人工审核,人工判断归属章节、是否应纳入主图谱、以及是否只是已有节点别名
809,Z 算法,needs_manual_review,无法自动分类，需要人工审核,人工判断归属章节、是否应纳入主图谱、以及是否只是已有节点别名
820,回文自动机求本质不同回文串,needs_manual_review,无法自动分类，需要人工审核,人工判断归属章节、是否应纳入主图谱、以及是否只是已有节点别名
821,回文自动机求回文串出现次数,needs_manual_review,无法自动分类，需要人工审核,人工判断归属章节、是否应纳入主图谱、以及是否只是已有节点别名
845,最长公共前缀查询,needs_manual_review,无法自动分类，需要人工审核,人工判断归属章节、是否应纳入主图谱、以及是否只是已有节点别名
848,Duval 算法,needs_manual_review,无法自动分类，需要人工审核,人工判断归属章节、是否应纳入主图谱、以及是否只是已有节点别名
849,最小后缀,needs_manual_review,无法自动分类，需要人工审核,人工判断归属章节、是否应纳入主图谱、以及是否只是已有节点别名
850,最大后缀,needs_manual_review,无法自动分类，需要人工审核,人工判断归属章节、是否应纳入主图谱、以及是否只是已有节点别名
852,弱周期引理,needs_manual_review,无法自动分类，需要人工审核,人工判断归属章节、是否应纳入主图谱、以及是否只是已有节点别名
890,树链剖分的边权处理,needs_manual_review,无法自动分类，需要人工审核,人工判断归属章节、是否应纳入主图谱、以及是否只是已有节点别名
892,Link-Cut Tree 的 makeroot 操作,needs_manual_review,无法自动分类，需要人工审核,人工判断归属章节、是否应纳入主图谱、以及是否只是已有节点别名
898,Euler Tour Tree,needs_manual_review,无法自动分类，需要人工审核,人工判断归属章节、是否应纳入主图谱、以及是否只是已有节点别名
899,Top Tree,needs_manual_review,无法自动分类，需要人工审核,人工判断归属章节、是否应纳入主图谱、以及是否只是已有节点别名
903,珂朵莉树的 assign 操作,needs_manual_review,无法自动分类，需要人工审核,人工判断归属章节、是否应纳入主图谱、以及是否只是已有节点别名
917,四维偏序,needs_manual_review,无法自动分类，需要人工审核,人工判断归属章节、是否应纳入主图谱、以及是否只是已有节点别名
920,离线询问的 Trick,needs_manual_review,无法自动分类，需要人工审核,人工判断归属章节、是否应纳入主图谱、以及是否只是已有节点别名
932,李超树求区间最值,needs_manual_review,无法自动分类，需要人工审核,人工判断归属章节、是否应纳入主图谱、以及是否只是已有节点别名
940,跳表实现,needs_manual_review,无法自动分类，需要人工审核,人工判断归属章节、是否应纳入主图谱、以及是否只是已有节点别名
942,布隆过滤器,needs_manual_review,无法自动分类，需要人工审核,人工判断归属章节、是否应纳入主图谱、以及是否只是已有节点别名
943,Count-Min Sketch,needs_manual_review,无法自动分类，需要人工审核,人工判断归属章节、是否应纳入主图谱、以及是否只是已有节点别名
944,HyperLogLog,needs_manual_review,无法自动分类，需要人工审核,人工判断归属章节、是否应纳入主图谱、以及是否只是已有节点别名
947,惰性求值,needs_manual_review,无法自动分类，需要人工审核,人工判断归属章节、是否应纳入主图谱、以及是否只是已有节点别名
951,输入挂,needs_manual_review,无法自动分类，需要人工审核,人工判断归属章节、是否应纳入主图谱、以及是否只是已有节点别名
952,输出挂,needs_manual_review,无法自动分类，需要人工审核,人工判断归属章节、是否应纳入主图谱、以及是否只是已有节点别名
957,大小端序,needs_manual_review,无法自动分类，需要人工审核,人工判断归属章节、是否应纳入主图谱、以及是否只是已有节点别名
960,退火算法参数调优,needs_manual_review,无法自动分类，需要人工审核,人工判断归属章节、是否应纳入主图谱、以及是否只是已有节点别名
976,势能分析,needs_manual_review,无法自动分类，需要人工审核,人工判断归属章节、是否应纳入主图谱、以及是否只是已有节点别名
977,均摊复杂度在实际中的应用,needs_manual_review,无法自动分类，需要人工审核,人工判断归属章节、是否应纳入主图谱、以及是否只是已有节点别名
980,利用位域,needs_manual_review,无法自动分类，需要人工审核,人工判断归属章节、是否应纳入主图谱、以及是否只是已有节点别名
982,死锁与线程安全,needs_manual_review,无法自动分类，需要人工审核,人工判断归属章节、是否应纳入主图谱、以及是否只是已有节点别名
985,大数据结构的内存释放,needs_manual_review,无法自动分类，需要人工审核,人工判断归属章节、是否应纳入主图谱、以及是否只是已有节点别名
991,C++17 新特性在竞赛中,needs_manual_review,无法自动分类，需要人工审核,人工判断归属章节、是否应纳入主图谱、以及是否只是已有节点别名
992,Python 快速 I/O 与 PyPy,needs_manual_review,无法自动分类，需要人工审核,人工判断归属章节、是否应纳入主图谱、以及是否只是已有节点别名
994,竞赛平台熟悉度,needs_manual_review,无法自动分类，需要人工审核,人工判断归属章节、是否应纳入主图谱、以及是否只是已有节点别名
